1,Jean Dupont,jean.dupont@email.com,0601020304
2,Marie Martin,marie.martin@email.com,0612345678
3,Pierre Durand,pierre.durand@email.com,0623456789
4,Sophie Bernard,sophie.bernard@email.com,0634567890
5,Luc Petit,luc.petit@email.com,0645678901
6,Anne Dubois,anne.dubois@email.com,0656789012
7,Marc Leroy,marc.leroy@email.com,0667890123
8,Julie Moreau,julie.moreau@email.com,0678901234
9,Thomas Simon,thomas.simon@email.com,0689012345
10,Emma Laurent,emma.laurent@email.com,0690123456
